step,walker_id,x,y,speed
0,1,-1.3929791397786584,-5.520787119028658,1.7044473840085093
1,1,0.31146824422985087,-7.225234503037168,1.7044473840085093
2,1,0.31146824422985087,-5.520787119028658,1.7044473840085093
3,1,-1.3929791397786584,-3.816339735020149,1.7044473840085093
4,1,-3.097426523787168,-2.1118923510116394,1.7044473840085093
5,1,-4.801873907795677,-3.816339735020149,1.7044473840085093
6,1,-3.097426523787168,-5.520787119028658,1.7044473840085093
7,1,-3.097426523787168,-7.225234503037168,1.7044473840085093
8,1,-3.097426523787168,-5.520787119028658,1.7044473840085093
9,1,-1.3929791397786586,-3.816339735020149,1.7044473840085093
10,1,-1.3929791397786586,-5.520787119028658,1.7044473840085093
11,1,-3.097426523787168,-3.816339735020149,1.7044473840085093
12,1,-4.801873907795677,-3.816339735020149,1.7044473840085093
13,1,-6.506321291804187,-3.816339735020149,1.7044473840085093
14,1,-6.506321291804187,-2.1118923510116394,1.7044473840085093
15,1,-8.210768675812696,-0.40744496700313015,1.7044473840085093
16,1,-9.915216059821205,-2.1118923510116394,1.7044473840085093
17,1,-11.619663443829714,-0.40744496700313015,1.7044473840085093
18,1,-13.324110827838222,-0.40744496700313015,1.7044473840085093
19,1,-15.02855821184673,-0.40744496700313015,1.7044473840085093
20,1,-16.73300559585524,1.297002417005379,1.7044473840085093
21,1,-15.02855821184673,3.001449801013888,1.7044473840085093
22,1,-13.324110827838222,4.705897185022398,1.7044473840085093
23,1,-15.02855821184673,3.001449801013888,1.7044473840085093
24,1,-13.324110827838222,3.001449801013888,1.7044473840085093
25,1,-11.619663443829714,1.2970024170053789,1.7044473840085093
26,1,-9.915216059821205,1.2970024170053789,1.7044473840085093
27,1,-9.915216059821205,3.001449801013888,1.7044473840085093
28,1,-9.915216059821205,4.705897185022398,1.7044473840085093
29,1,-8.210768675812696,4.705897185022398,1.7044473840085093
30,1,-6.506321291804187,4.705897185022398,1.7044473840085093
31,1,-8.210768675812696,6.410344569030907,1.7044473840085093
32,1,-6.506321291804187,8.114791953039417,1.7044473840085093
33,1,-8.210768675812696,9.819239337047925,1.7044473840085093
34,1,-9.915216059821205,11.523686721056434,1.7044473840085093
35,1,-11.619663443829714,11.523686721056434,1.7044473840085093
36,1,-11.619663443829714,9.819239337047925,1.7044473840085093
37,1,-13.324110827838222,8.114791953039417,1.7044473840085093
38,1,-11.619663443829714,9.819239337047925,1.7044473840085093
39,1,-9.915216059821205,9.819239337047925,1.7044473840085093
40,1,-11.619663443829714,8.114791953039417,1.7044473840085093
41,1,-9.915216059821205,9.819239337047925,1.7044473840085093
42,1,-9.915216059821205,11.523686721056434,1.7044473840085093
43,1,-11.619663443829714,9.819239337047925,1.7044473840085093
44,1,-9.915216059821205,11.523686721056434,1.7044473840085093
45,1,-9.915216059821205,9.819239337047925,1.7044473840085093
46,1,-8.210768675812696,8.114791953039417,1.7044473840085093
47,1,-8.210768675812696,6.410344569030907,1.7044473840085093
48,1,-8.210768675812696,8.114791953039417,1.7044473840085093
49,1,-9.915216059821205,6.410344569030907,1.7044473840085093
50,1,-8.210768675812696,8.114791953039417,1.7044473840085093
0,2,7.212342713166393,-9.284603431242298,2.3877136387655655
1,2,4.8246290744008276,-9.284603431242298,2.3877136387655655
2,2,4.8246290744008276,-11.672317070007864,2.3877136387655655
3,2,2.436915435635262,-14.060030708773429,2.3877136387655655
4,2,4.8246290744008276,-11.672317070007864,2.3877136387655655
5,2,4.8246290744008276,-14.060030708773429,2.3877136387655655
6,2,7.212342713166393,-16.447744347538993,2.3877136387655655
7,2,9.600056351931958,-16.447744347538993,2.3877136387655655
8,2,7.212342713166392,-16.447744347538993,2.3877136387655655
9,2,7.212342713166392,-14.060030708773429,2.3877136387655655
10,2,9.600056351931958,-14.060030708773429,2.3877136387655655
11,2,11.987769990697522,-16.447744347538993,2.3877136387655655
12,2,14.375483629463087,-14.060030708773429,2.3877136387655655
13,2,11.987769990697522,-16.447744347538993,2.3877136387655655
14,2,9.600056351931958,-14.060030708773429,2.3877136387655655
15,2,11.987769990697522,-14.060030708773429,2.3877136387655655
16,2,9.600056351931958,-11.672317070007864,2.3877136387655655
17,2,9.600056351931958,-9.2846034312423,2.3877136387655655
18,2,11.987769990697522,-11.672317070007864,2.3877136387655655
19,2,9.600056351931958,-9.2846034312423,2.3877136387655655
20,2,9.600056351931958,-11.672317070007864,2.3877136387655655
21,2,11.987769990697522,-14.060030708773429,2.3877136387655655
22,2,14.375483629463087,-14.060030708773429,2.3877136387655655
23,2,11.987769990697522,-11.672317070007864,2.3877136387655655
24,2,9.600056351931958,-9.2846034312423,2.3877136387655655
25,2,11.987769990697522,-9.2846034312423,2.3877136387655655
26,2,14.375483629463087,-9.2846034312423,2.3877136387655655
27,2,11.987769990697522,-11.672317070007864,2.3877136387655655
28,2,14.375483629463087,-14.060030708773429,2.3877136387655655
29,2,14.375483629463087,-16.447744347538993,2.3877136387655655
30,2,11.987769990697522,-18.835457986304558,2.3877136387655655
31,2,11.987769990697522,-16.447744347538993,2.3877136387655655
32,2,14.375483629463087,-16.447744347538993,2.3877136387655655
33,2,11.987769990697522,-16.447744347538993,2.3877136387655655
34,2,14.375483629463087,-16.447744347538993,2.3877136387655655
35,2,11.987769990697522,-18.835457986304558,2.3877136387655655
36,2,9.600056351931958,-21.223171625070123,2.3877136387655655
37,2,7.212342713166392,-23.610885263835687,2.3877136387655655
38,2,9.600056351931958,-21.223171625070123,2.3877136387655655
39,2,11.987769990697522,-23.610885263835687,2.3877136387655655
40,2,14.375483629463087,-25.998598902601252,2.3877136387655655
41,2,14.375483629463087,-23.610885263835687,2.3877136387655655
42,2,11.987769990697522,-23.610885263835687,2.3877136387655655
43,2,9.600056351931958,-21.223171625070123,2.3877136387655655
44,2,7.212342713166392,-23.610885263835687,2.3877136387655655
45,2,4.824629074400827,-25.998598902601252,2.3877136387655655
46,2,4.824629074400827,-28.386312541366816,2.3877136387655655
47,2,2.436915435635261,-28.386312541366816,2.3877136387655655
48,2,2.436915435635261,-25.998598902601252,2.3877136387655655
49,2,2.436915435635261,-28.386312541366816,2.3877136387655655
50,2,0.04920179686969561,-25.998598902601252,2.3877136387655655
0,3,-8.612223350501413,-6.715483212919651,1.3326455677328395
1,3,-7.279577782768573,-5.382837645186811,1.3326455677328395
2,3,-8.612223350501413,-5.382837645186811,1.3326455677328395
3,3,-9.944868918234253,-6.715483212919651,1.3326455677328395
4,3,-11.277514485967092,-5.382837645186811,1.3326455677328395
5,3,-9.944868918234253,-5.382837645186811,1.3326455677328395
6,3,-11.277514485967092,-4.050192077453971,1.3326455677328395
7,3,-11.277514485967092,-5.382837645186811,1.3326455677328395
8,3,-12.610160053699932,-4.050192077453971,1.3326455677328395
9,3,-13.942805621432772,-2.7175465097211315,1.3326455677328395
10,3,-12.610160053699932,-2.7175465097211315,1.3326455677328395
11,3,-12.610160053699932,-4.050192077453971,1.3326455677328395
12,3,-13.942805621432772,-2.7175465097211315,1.3326455677328395
13,3,-13.942805621432772,-4.050192077453971,1.3326455677328395
14,3,-15.275451189165612,-4.050192077453971,1.3326455677328395
15,3,-13.942805621432772,-2.7175465097211315,1.3326455677328395
16,3,-12.610160053699932,-4.050192077453971,1.3326455677328395
17,3,-12.610160053699932,-2.7175465097211315,1.3326455677328395
18,3,-13.942805621432772,-4.050192077453971,1.3326455677328395
19,3,-12.610160053699932,-5.382837645186811,1.3326455677328395
20,3,-12.610160053699932,-6.715483212919651,1.3326455677328395
21,3,-13.942805621432772,-5.382837645186811,1.3326455677328395
22,3,-12.610160053699932,-5.382837645186811,1.3326455677328395
23,3,-11.277514485967092,-6.715483212919651,1.3326455677328395
24,3,-9.944868918234253,-6.715483212919651,1.3326455677328395
25,3,-9.944868918234253,-8.04812878065249,1.3326455677328395
26,3,-9.944868918234253,-6.715483212919651,1.3326455677328395
27,3,-8.612223350501413,-8.04812878065249,1.3326455677328395
28,3,-8.612223350501413,-6.715483212919651,1.3326455677328395
29,3,-7.279577782768573,-6.715483212919651,1.3326455677328395
30,3,-5.9469322150357335,-8.04812878065249,1.3326455677328395
31,3,-7.279577782768573,-6.715483212919651,1.3326455677328395
32,3,-5.9469322150357335,-8.04812878065249,1.3326455677328395
33,3,-7.279577782768573,-6.715483212919651,1.3326455677328395
34,3,-8.612223350501413,-6.715483212919651,1.3326455677328395
35,3,-8.612223350501413,-5.382837645186811,1.3326455677328395
36,3,-9.944868918234253,-6.715483212919651,1.3326455677328395
37,3,-9.944868918234253,-8.04812878065249,1.3326455677328395
38,3,-9.944868918234253,-6.715483212919651,1.3326455677328395
39,3,-9.944868918234253,-5.382837645186811,1.3326455677328395
40,3,-11.277514485967092,-4.050192077453971,1.3326455677328395
41,3,-9.944868918234253,-4.050192077453971,1.3326455677328395
42,3,-11.277514485967092,-4.050192077453971,1.3326455677328395
43,3,-9.944868918234253,-5.382837645186811,1.3326455677328395
44,3,-11.277514485967092,-4.050192077453971,1.3326455677328395
45,3,-9.944868918234253,-2.7175465097211315,1.3326455677328395
46,3,-8.612223350501413,-4.050192077453971,1.3326455677328395
47,3,-7.279577782768573,-4.050192077453971,1.3326455677328395
48,3,-5.9469322150357335,-5.382837645186811,1.3326455677328395
49,3,-7.279577782768573,-6.715483212919651,1.3326455677328395
50,3,-8.612223350501413,-8.04812878065249,1.3326455677328395
0,4,-5.044860504783546,8.60319823746455,2.5689058007555654
1,4,-7.613766305539112,6.034292436708984,2.5689058007555654
2,4,-5.044860504783546,8.60319823746455,2.5689058007555654
3,4,-7.613766305539112,8.60319823746455,2.5689058007555654
4,4,-10.182672106294678,11.172104038220116,2.5689058007555654
5,4,-10.182672106294678,8.60319823746455,2.5689058007555654
6,4,-10.182672106294678,11.172104038220116,2.5689058007555654
7,4,-7.613766305539112,13.741009838975682,2.5689058007555654
8,4,-7.613766305539112,11.172104038220116,2.5689058007555654
9,4,-5.044860504783546,13.741009838975682,2.5689058007555654
10,4,-7.613766305539112,13.741009838975682,2.5689058007555654
11,4,-10.182672106294678,13.741009838975682,2.5689058007555654
12,4,-10.182672106294678,11.172104038220116,2.5689058007555654
13,4,-7.613766305539112,13.741009838975682,2.5689058007555654
14,4,-10.182672106294678,16.309915639731248,2.5689058007555654
15,4,-7.613766305539112,16.309915639731248,2.5689058007555654
16,4,-5.044860504783546,16.309915639731248,2.5689058007555654
17,4,-5.044860504783546,18.878821440486814,2.5689058007555654
18,4,-2.475954704027981,21.44772724124238,2.5689058007555654
19,4,0.09295109672758439,18.878821440486814,2.5689058007555654
20,4,2.66185689748315,18.878821440486814,2.5689058007555654
21,4,0.09295109672758439,18.878821440486814,2.5689058007555654
22,4,-2.475954704027981,18.878821440486814,2.5689058007555654
23,4,0.09295109672758439,16.309915639731248,2.5689058007555654
24,4,2.66185689748315,16.309915639731248,2.5689058007555654
25,4,5.230762698238715,18.878821440486814,2.5689058007555654
26,4,7.799668498994281,16.309915639731248,2.5689058007555654
27,4,5.230762698238715,16.309915639731248,2.5689058007555654
28,4,7.799668498994281,13.741009838975682,2.5689058007555654
29,4,10.368574299749847,11.172104038220116,2.5689058007555654
30,4,7.799668498994281,13.741009838975682,2.5689058007555654
31,4,10.368574299749847,11.172104038220116,2.5689058007555654
32,4,7.799668498994281,11.172104038220116,2.5689058007555654
33,4,7.799668498994281,8.60319823746455,2.5689058007555654
34,4,5.230762698238715,11.172104038220116,2.5689058007555654
35,4,7.799668498994281,13.741009838975682,2.5689058007555654
36,4,10.368574299749847,11.172104038220116,2.5689058007555654
37,4,10.368574299749847,8.60319823746455,2.5689058007555654
38,4,12.937480100505413,11.172104038220116,2.5689058007555654
39,4,15.506385901260979,11.172104038220116,2.5689058007555654
40,4,18.075291702016543,8.60319823746455,2.5689058007555654
41,4,15.506385901260977,11.172104038220116,2.5689058007555654
42,4,15.506385901260977,8.60319823746455,2.5689058007555654
43,4,12.937480100505411,8.60319823746455,2.5689058007555654
44,4,10.368574299749845,6.034292436708984,2.5689058007555654
45,4,12.937480100505411,8.60319823746455,2.5689058007555654
46,4,10.368574299749845,8.60319823746455,2.5689058007555654
47,4,12.937480100505411,6.034292436708984,2.5689058007555654
48,4,15.506385901260977,3.465386635953419,2.5689058007555654
49,4,18.075291702016543,6.034292436708984,2.5689058007555654
50,4,18.075291702016543,8.60319823746455,2.5689058007555654
0,5,1.409435826510471,6.055761092124705,2.6457303593858987
1,5,-1.2362945328754278,8.701491451510604,2.6457303593858987
2,5,-1.2362945328754278,11.347221810896503,2.6457303593858987
3,5,1.409435826510471,8.701491451510604,2.6457303593858987
4,5,4.05516618589637,11.347221810896503,2.6457303593858987
5,5,6.700896545282269,8.701491451510604,2.6457303593858987
6,5,6.700896545282269,6.055761092124705,2.6457303593858987
7,5,6.700896545282269,8.701491451510604,2.6457303593858987
8,5,4.05516618589637,6.055761092124705,2.6457303593858987
9,5,6.700896545282269,3.410030732738806,2.6457303593858987
10,5,9.346626904668168,6.055761092124705,2.6457303593858987
11,5,9.346626904668168,8.701491451510604,2.6457303593858987
12,5,9.346626904668168,6.055761092124705,2.6457303593858987
13,5,6.700896545282269,6.055761092124705,2.6457303593858987
14,5,4.05516618589637,8.701491451510604,2.6457303593858987
15,5,4.05516618589637,11.347221810896503,2.6457303593858987
16,5,4.05516618589637,13.992952170282402,2.6457303593858987
17,5,6.700896545282269,16.6386825296683,2.6457303593858987
18,5,4.05516618589637,16.6386825296683,2.6457303593858987
19,5,4.05516618589637,13.992952170282402,2.6457303593858987
20,5,1.4094358265104714,13.992952170282402,2.6457303593858987
21,5,4.05516618589637,11.347221810896503,2.6457303593858987
22,5,6.700896545282269,11.347221810896503,2.6457303593858987
23,5,4.05516618589637,13.992952170282402,2.6457303593858987
24,5,6.700896545282269,13.992952170282402,2.6457303593858987
25,5,4.05516618589637,16.6386825296683,2.6457303593858987
26,5,6.700896545282269,16.6386825296683,2.6457303593858987
27,5,4.05516618589637,16.6386825296683,2.6457303593858987
28,5,1.4094358265104714,16.6386825296683,2.6457303593858987
29,5,-1.2362945328754273,13.992952170282402,2.6457303593858987
30,5,1.4094358265104714,16.6386825296683,2.6457303593858987
31,5,-1.2362945328754273,13.992952170282402,2.6457303593858987
32,5,1.4094358265104714,13.992952170282402,2.6457303593858987
33,5,1.4094358265104714,11.347221810896503,2.6457303593858987
34,5,4.05516618589637,11.347221810896503,2.6457303593858987
35,5,6.700896545282269,8.701491451510604,2.6457303593858987
36,5,9.346626904668168,11.347221810896503,2.6457303593858987
37,5,6.700896545282269,8.701491451510604,2.6457303593858987
38,5,4.05516618589637,6.055761092124705,2.6457303593858987
39,5,1.4094358265104714,6.055761092124705,2.6457303593858987
40,5,-1.2362945328754273,6.055761092124705,2.6457303593858987
41,5,-1.2362945328754273,3.410030732738806,2.6457303593858987
42,5,1.4094358265104714,0.7643003733529072,2.6457303593858987
43,5,4.05516618589637,0.7643003733529072,2.6457303593858987
44,5,6.700896545282269,3.410030732738806,2.6457303593858987
45,5,9.346626904668168,3.410030732738806,2.6457303593858987
46,5,6.700896545282269,3.410030732738806,2.6457303593858987
47,5,6.700896545282269,6.055761092124705,2.6457303593858987
48,5,9.346626904668168,3.410030732738806,2.6457303593858987
49,5,6.700896545282269,3.410030732738806,2.6457303593858987
50,5,9.346626904668168,3.410030732738806,2.6457303593858987
